{"V": [0.01, 0.023498784713694702], "S": [0.01, 0.0234039483138291], "T": [0.01, 0.023477871517623337], "W": [0.01, 0.023467364967041403], "Q": [0.01, 0.023479277872487686], "E": [0.01, 0.02350364793035078], "L": [0.01, 0.0234662991939705], "I": [0.01, 0.023439053736075896], "K": [0.01, 0.02354009552916721], "N": [0.01, 0.023468146163542643], "H": [0.01, 0.023493064023801625], "C": [0.01, 0.023507565563896722], "R": [0.01, 0.023491741793310855], "Y": [0.01, 0.023403601474392525], "P": [0.01, 0.023452438828208955], "G": [0.01, 0.023401420487654118], "F": [0.01, 0.023499816452644016], "A": [0.01, 0.02344140869837347], "M": [0.01, 0.023475272133516318], "D": [0.01, 0.02349907162925503]}