{"V": 0.11018463371054199, "S": 0.1179273377010125, "T": 0.20488385944014295}